<metadata xml:lang="en"><Esri><CreaDate>20211017</CreaDate><CreaTime>12583200</CreaTime><ArcGISFormat>1.0</ArcGISFormat><SyncOnce>FALSE</SyncOnce><DataProperties><itemProps><itemName Sync="TRUE">BC_Boundary</itemName><imsContentType Sync="TRUE">002</imsContentType><itemLocation><linkage Sync="TRUE">file://\\LAPTOP-3LARM5PJ\C$\Users\User\GEOS270\Modules\3\data\BC_Boundary.shp</linkage><protocol Sync="TRUE">Local Area Network</protocol></itemLocation><itemSize Sync="TRUE">0.000</itemSize></itemProps><coordRef><type Sync="TRUE">Projected</type><geogcsn Sync="TRUE">GCS_North_American_1983</geogcsn><csUnits Sync="TRUE">Linear Unit: Meter (1.000000)</csUnits><projcsn Sync="TRUE">NAD_1983_BC_Environment_Albers</projcsn><peXml Sync="TRUE">&lt;ProjectedCoordinateSystem xsi:type='typens:ProjectedCoordinateSystem' xmlns:xsi='http://www.w3.org/2001/XMLSchema-instance' xmlns:xs='http://www.w3.org/2001/XMLSchema' xmlns:typens='http://www.esri.com/schemas/ArcGIS/3.0.0'&gt;&lt;WKT&gt;PROJCS[&amp;quot;NAD_1983_BC_Environment_Albers&amp;quot;,GEOGCS[&amp;quot;GCS_North_American_1983&amp;quot;,DATUM[&amp;quot;D_North_American_1983&amp;quot;,SPHEROID[&amp;quot;GRS_1980&amp;quot;,6378137.0,298.257222101]],PRIMEM[&amp;quot;Greenwich&amp;quot;,0.0],UNIT[&amp;quot;Degree&amp;quot;,0.0174532925199433]],PROJECTION[&amp;quot;Albers&amp;quot;],PARAMETER[&amp;quot;False_Easting&amp;quot;,1000000.0],PARAMETER[&amp;quot;False_Northing&amp;quot;,0.0],PARAMETER[&amp;quot;Central_Meridian&amp;quot;,-126.0],PARAMETER[&amp;quot;Standard_Parallel_1&amp;quot;,50.0],PARAMETER[&amp;quot;Standard_Parallel_2&amp;quot;,58.5],PARAMETER[&amp;quot;Latitude_Of_Origin&amp;quot;,45.0],UNIT[&amp;quot;Meter&amp;quot;,1.0],AUTHORITY[&amp;quot;EPSG&amp;quot;,3005]]&lt;/WKT&gt;&lt;XOrigin&gt;-13239300&lt;/XOrigin&gt;&lt;YOrigin&gt;-8610100&lt;/YOrigin&gt;&lt;XYScale&gt;316279566.22660488&lt;/XYScale&gt;&lt;ZOrigin&gt;-100000&lt;/ZOrigin&gt;&lt;ZScale&gt;10000&lt;/ZScale&gt;&lt;MOrigin&gt;-100000&lt;/MOrigin&gt;&lt;MScale&gt;10000&lt;/MScale&gt;&lt;XYTolerance&gt;0.001&lt;/XYTolerance&gt;&lt;ZTolerance&gt;0.001&lt;/ZTolerance&gt;&lt;MTolerance&gt;0.001&lt;/MTolerance&gt;&lt;HighPrecision&gt;true&lt;/HighPrecision&gt;&lt;WKID&gt;102190&lt;/WKID&gt;&lt;LatestWKID&gt;3005&lt;/LatestWKID&gt;&lt;/ProjectedCoordinateSystem&gt;</peXml></coordRef><lineage><Process ToolSource="c:\program files\arcgis\pro\Resources\ArcToolbox\toolboxes\Conversion Tools.tbx\FeatureClassToFeatureClass" Date="20211017" Time="125832">FeatureClassToFeatureClass C:\temp\Module4\Canadian_Census_Boundaries_2016.shp C:\temp\Module4\Module4.gdb\BC_Census_Data BC_Boundary "PRNAME = 'British Columbia'" "PRUID "PRUID" true true false 2 Text 0 0,First,#,C:\temp\Module4\Canadian_Census_Boundaries_2016.shp,PRUID,0,2;PRNAME "PRNAME" true true false 100 Text 0 0,First,#,C:\temp\Module4\Canadian_Census_Boundaries_2016.shp,PRNAME,0,100;PRENAME "PRENAME" true true false 100 Text 0 0,First,#,C:\temp\Module4\Canadian_Census_Boundaries_2016.shp,PRENAME,0,100;PRFNAME "PRFNAME" true true false 100 Text 0 0,First,#,C:\temp\Module4\Canadian_Census_Boundaries_2016.shp,PRFNAME,0,100;PREABBR "PREABBR" true true false 10 Text 0 0,First,#,C:\temp\Module4\Canadian_Census_Boundaries_2016.shp,PREABBR,0,10;PRFABBR "PRFABBR" true true false 10 Text 0 0,First,#,C:\temp\Module4\Canadian_Census_Boundaries_2016.shp,PRFABBR,0,10;AREA_LCC "AREA_LCC" true true false 13 Float 0 0,First,#,C:\temp\Module4\Canadian_Census_Boundaries_2016.shp,AREA_LCC,-1,-1;AREA_AEA "AREA_AEA" true true false 13 Float 0 0,First,#,C:\temp\Module4\Canadian_Census_Boundaries_2016.shp,AREA_AEA,-1,-1;Area_Merc "Area_Merc" true true false 13 Float 0 0,First,#,C:\temp\Module4\Canadian_Census_Boundaries_2016.shp,Area_Merc,-1,-1" #</Process><Process ToolSource="c:\program files\arcgis\pro\Resources\ArcToolbox\toolboxes\Conversion Tools.tbx\FeatureClassToFeatureClass" Date="20220809" Time="141436">FeatureClassToFeatureClass C:\Users\User\GEOS270\Modules\2\data\Module3\Module3\Module3\Module3.gdb\BC_Census_Data\BC_Boundary C:\Users\User\GEOS270\Modules\2\data\BC_Food_Cost\BC_Food_Cost.gdb\BC_Census_Data BC_Boundary # "PRUID "PRUID" true true false 2 Text 0 0,First,#,C:\Users\User\GEOS270\Modules\2\data\Module3\Module3\Module3\Module3.gdb\BC_Census_Data\BC_Boundary,PRUID,0,2;PRNAME "PRNAME" true true false 100 Text 0 0,First,#,C:\Users\User\GEOS270\Modules\2\data\Module3\Module3\Module3\Module3.gdb\BC_Census_Data\BC_Boundary,PRNAME,0,100;PRENAME "PRENAME" true true false 100 Text 0 0,First,#,C:\Users\User\GEOS270\Modules\2\data\Module3\Module3\Module3\Module3.gdb\BC_Census_Data\BC_Boundary,PRENAME,0,100;PRFNAME "PRFNAME" true true false 100 Text 0 0,First,#,C:\Users\User\GEOS270\Modules\2\data\Module3\Module3\Module3\Module3.gdb\BC_Census_Data\BC_Boundary,PRFNAME,0,100;PREABBR "PREABBR" true true false 10 Text 0 0,First,#,C:\Users\User\GEOS270\Modules\2\data\Module3\Module3\Module3\Module3.gdb\BC_Census_Data\BC_Boundary,PREABBR,0,10;PRFABBR "PRFABBR" true true false 10 Text 0 0,First,#,C:\Users\User\GEOS270\Modules\2\data\Module3\Module3\Module3\Module3.gdb\BC_Census_Data\BC_Boundary,PRFABBR,0,10;AREA_LCC "AREA_LCC" true true false 4 Float 0 0,First,#,C:\Users\User\GEOS270\Modules\2\data\Module3\Module3\Module3\Module3.gdb\BC_Census_Data\BC_Boundary,AREA_LCC,-1,-1;AREA_AEA "AREA_AEA" true true false 4 Float 0 0,First,#,C:\Users\User\GEOS270\Modules\2\data\Module3\Module3\Module3\Module3.gdb\BC_Census_Data\BC_Boundary,AREA_AEA,-1,-1;Area_Merc "Area_Merc" true true false 4 Float 0 0,First,#,C:\Users\User\GEOS270\Modules\2\data\Module3\Module3\Module3\Module3.gdb\BC_Census_Data\BC_Boundary,Area_Merc,-1,-1;Shape_Length "Shape_Length" false true true 8 Double 0 0,First,#,C:\Users\User\GEOS270\Modules\2\data\Module3\Module3\Module3\Module3.gdb\BC_Census_Data\BC_Boundary,Shape_Length,-1,-1;Shape_Area "Shape_Area" false true true 8 Double 0 0,First,#,C:\Users\User\GEOS270\Modules\2\data\Module3\Module3\Module3\Module3.gdb\BC_Census_Data\BC_Boundary,Shape_Area,-1,-1" #</Process><Process ToolSource="c:\program files\arcgis\pro\Resources\ArcToolbox\toolboxes\Conversion Tools.tbx\ExportFeatures" Date="20220905" Time="141757">ExportFeatures C:\Users\User\GEOS270\Modules\3\data\BC_Food_Cost\BC_Food_Cost\BC_Food_Cost.gdb\BC_Census_Data\BC_Boundary C:\Users\User\GEOS270\Modules\3\data\BC_Boundary.shp # NOT_USE_ALIAS "PRUID "PRUID" true true false 2 Text 0 0,First,#,C:\Users\User\GEOS270\Modules\3\data\BC_Food_Cost\BC_Food_Cost\BC_Food_Cost.gdb\BC_Census_Data\BC_Boundary,PRUID,0,2;PRNAME "PRNAME" true true false 100 Text 0 0,First,#,C:\Users\User\GEOS270\Modules\3\data\BC_Food_Cost\BC_Food_Cost\BC_Food_Cost.gdb\BC_Census_Data\BC_Boundary,PRNAME,0,100;PRENAME "PRENAME" true true false 100 Text 0 0,First,#,C:\Users\User\GEOS270\Modules\3\data\BC_Food_Cost\BC_Food_Cost\BC_Food_Cost.gdb\BC_Census_Data\BC_Boundary,PRENAME,0,100;PRFNAME "PRFNAME" true true false 100 Text 0 0,First,#,C:\Users\User\GEOS270\Modules\3\data\BC_Food_Cost\BC_Food_Cost\BC_Food_Cost.gdb\BC_Census_Data\BC_Boundary,PRFNAME,0,100;PREABBR "PREABBR" true true false 10 Text 0 0,First,#,C:\Users\User\GEOS270\Modules\3\data\BC_Food_Cost\BC_Food_Cost\BC_Food_Cost.gdb\BC_Census_Data\BC_Boundary,PREABBR,0,10;PRFABBR "PRFABBR" true true false 10 Text 0 0,First,#,C:\Users\User\GEOS270\Modules\3\data\BC_Food_Cost\BC_Food_Cost\BC_Food_Cost.gdb\BC_Census_Data\BC_Boundary,PRFABBR,0,10;AREA_LCC "AREA_LCC" true true false 4 Float 0 0,First,#,C:\Users\User\GEOS270\Modules\3\data\BC_Food_Cost\BC_Food_Cost\BC_Food_Cost.gdb\BC_Census_Data\BC_Boundary,AREA_LCC,-1,-1;AREA_AEA "AREA_AEA" true true false 4 Float 0 0,First,#,C:\Users\User\GEOS270\Modules\3\data\BC_Food_Cost\BC_Food_Cost\BC_Food_Cost.gdb\BC_Census_Data\BC_Boundary,AREA_AEA,-1,-1;Area_Merc "Area_Merc" true true false 4 Float 0 0,First,#,C:\Users\User\GEOS270\Modules\3\data\BC_Food_Cost\BC_Food_Cost\BC_Food_Cost.gdb\BC_Census_Data\BC_Boundary,Area_Merc,-1,-1;Shape_Length "Shape_Length" false true true 8 Double 0 0,First,#,C:\Users\User\GEOS270\Modules\3\data\BC_Food_Cost\BC_Food_Cost\BC_Food_Cost.gdb\BC_Census_Data\BC_Boundary,Shape_Length,-1,-1;Shape_Area "Shape_Area" false true true 8 Double 0 0,First,#,C:\Users\User\GEOS270\Modules\3\data\BC_Food_Cost\BC_Food_Cost\BC_Food_Cost.gdb\BC_Census_Data\BC_Boundary,Shape_Area,-1,-1" #</Process></lineage></DataProperties><SyncDate>20220905</SyncDate><SyncTime>14175700</SyncTime><ModDate>20220905</ModDate><ModTime>14175700</ModTime></Esri><dataIdInfo><envirDesc Sync="TRUE">Microsoft Windows 10 Version 10.0 (Build 22000) ; Esri ArcGIS 13.0.0.36056</envirDesc><dataLang><languageCode value="eng" Sync="TRUE"></languageCode><countryCode value="USA" Sync="TRUE"></countryCode></dataLang><idCitation><resTitle Sync="TRUE">BC_Boundary</resTitle><presForm><PresFormCd value="005" Sync="TRUE"></PresFormCd></presForm></idCitation><spatRpType><SpatRepTypCd value="001" Sync="TRUE"></SpatRepTypCd></spatRpType></dataIdInfo><mdLang><languageCode value="eng" Sync="TRUE"></languageCode><countryCode value="USA" Sync="TRUE"></countryCode></mdLang><distInfo><distFormat><formatName Sync="TRUE">Shapefile</formatName></distFormat><distTranOps><transSize Sync="TRUE">0.000</transSize></distTranOps></distInfo><mdHrLv><ScopeCd value="005" Sync="TRUE"></ScopeCd></mdHrLv><mdHrLvName Sync="TRUE">dataset</mdHrLvName><refSysInfo><RefSystem><refSysID><identCode code="3005" Sync="TRUE"></identCode><idCodeSpace Sync="TRUE">EPSG</idCodeSpace><idVersion Sync="TRUE">6.11(9.0.0)</idVersion></refSysID></RefSystem></refSysInfo><spatRepInfo><VectSpatRep><geometObjs Name="BC_Boundary"><geoObjTyp><GeoObjTypCd value="002" Sync="TRUE"></GeoObjTypCd></geoObjTyp><geoObjCnt Sync="TRUE">0</geoObjCnt></geometObjs><topLvl><TopoLevCd value="001" Sync="TRUE"></TopoLevCd></topLvl></VectSpatRep></spatRepInfo><spdoinfo><ptvctinf><esriterm Name="BC_Boundary"><efeatyp Sync="TRUE">Simple</efeatyp><efeageom code="4" Sync="TRUE"></efeageom><esritopo Sync="TRUE">FALSE</esritopo><efeacnt Sync="TRUE">0</efeacnt><spindex Sync="TRUE">FALSE</spindex><linrefer Sync="TRUE">FALSE</linrefer></esriterm></ptvctinf></spdoinfo><eainfo><detailed Name="BC_Boundary"><enttyp><enttypl Sync="TRUE">BC_Boundary</enttypl><enttypt Sync="TRUE">Feature Class</enttypt><enttypc Sync="TRUE">0</enttypc></enttyp><attr><attrlabl Sync="TRUE">FID</attrlabl><attalias Sync="TRUE">FID</attalias><attrtype Sync="TRUE">OID</attrtype><attwidth Sync="TRUE">4</attwidth><atprecis Sync="TRUE">0</atprecis><attscale Sync="TRUE">0</attscale><attrdef Sync="TRUE">Internal feature number.</attrdef><attrdefs Sync="TRUE">Esri</attrdefs><attrdomv><udom Sync="TRUE">Sequential unique whole numbers that are automatically generated.</udom></attrdomv></attr><attr><attrlabl Sync="TRUE">Shape</attrlabl><attalias Sync="TRUE">Shape</attalias><attrtype Sync="TRUE">Geometry</attrtype><attwidth Sync="TRUE">0</attwidth><atprecis Sync="TRUE">0</atprecis><attscale Sync="TRUE">0</attscale><attrdef Sync="TRUE">Feature geometry.</attrdef><attrdefs Sync="TRUE">Esri</attrdefs><attrdomv><udom Sync="TRUE">Coordinates defining the features.</udom></attrdomv></attr><attr><attrlabl Sync="TRUE">PRUID</attrlabl><attalias Sync="TRUE">PRUID</attalias><attrtype Sync="TRUE">String</attrtype><attwidth Sync="TRUE">2</attwidth><atprecis Sync="TRUE">0</atprecis><attscale Sync="TRUE">0</attscale></attr><attr><attrlabl Sync="TRUE">PRNAME</attrlabl><attalias Sync="TRUE">PRNAME</attalias><attrtype Sync="TRUE">String</attrtype><attwidth Sync="TRUE">100</attwidth><atprecis Sync="TRUE">0</atprecis><attscale Sync="TRUE">0</attscale></attr><attr><attrlabl Sync="TRUE">PRENAME</attrlabl><attalias Sync="TRUE">PRENAME</attalias><attrtype Sync="TRUE">String</attrtype><attwidth Sync="TRUE">100</attwidth><atprecis Sync="TRUE">0</atprecis><attscale Sync="TRUE">0</attscale></attr><attr><attrlabl Sync="TRUE">PRFNAME</attrlabl><attalias Sync="TRUE">PRFNAME</attalias><attrtype Sync="TRUE">String</attrtype><attwidth Sync="TRUE">100</attwidth><atprecis Sync="TRUE">0</atprecis><attscale Sync="TRUE">0</attscale></attr><attr><attrlabl Sync="TRUE">PREABBR</attrlabl><attalias Sync="TRUE">PREABBR</attalias><attrtype Sync="TRUE">String</attrtype><attwidth Sync="TRUE">10</attwidth><atprecis Sync="TRUE">0</atprecis><attscale Sync="TRUE">0</attscale></attr><attr><attrlabl Sync="TRUE">PRFABBR</attrlabl><attalias Sync="TRUE">PRFABBR</attalias><attrtype Sync="TRUE">String</attrtype><attwidth Sync="TRUE">10</attwidth><atprecis Sync="TRUE">0</atprecis><attscale Sync="TRUE">0</attscale></attr><attr><attrlabl Sync="TRUE">AREA_LCC</attrlabl><attalias Sync="TRUE">AREA_LCC</attalias><attrtype Sync="TRUE">Single</attrtype><attwidth Sync="TRUE">13</attwidth><atprecis Sync="TRUE">0</atprecis><attscale Sync="TRUE">0</attscale></attr><attr><attrlabl Sync="TRUE">AREA_AEA</attrlabl><attalias Sync="TRUE">AREA_AEA</attalias><attrtype Sync="TRUE">Single</attrtype><attwidth Sync="TRUE">13</attwidth><atprecis Sync="TRUE">0</atprecis><attscale Sync="TRUE">0</attscale></attr><attr><attrlabl Sync="TRUE">Area_Merc</attrlabl><attalias Sync="TRUE">Area_Merc</attalias><attrtype Sync="TRUE">Single</attrtype><attwidth Sync="TRUE">13</attwidth><atprecis Sync="TRUE">0</atprecis><attscale Sync="TRUE">0</attscale></attr><attr><attrlabl Sync="TRUE">Shape_Leng</attrlabl><attalias Sync="TRUE">Shape_Leng</attalias><attrtype Sync="TRUE">Double</attrtype><attwidth Sync="TRUE">19</attwidth><atprecis Sync="TRUE">0</atprecis><attscale Sync="TRUE">0</attscale></attr><attr><attrlabl Sync="TRUE">Shape_Area</attrlabl><attalias Sync="TRUE">Shape_Area</attalias><attrtype Sync="TRUE">Double</attrtype><attwidth Sync="TRUE">19</attwidth><atprecis Sync="TRUE">0</atprecis><attscale Sync="TRUE">0</attscale><attrdef Sync="TRUE">Area of feature in internal units squared.</attrdef><attrdefs Sync="TRUE">Esri</attrdefs><attrdomv><udom Sync="TRUE">Positive real numbers that are automatically generated.</udom></attrdomv></attr></detailed></eainfo><mdDateSt Sync="TRUE">20220905</mdDateSt></metadata>
